firstName,lastName,email
Tome,Wynrehame,twynrehame0@nasa.gov
L;urette,Eshmade,leshmade1@squarespace.com
Gregory,Vittori,gvittori2@twitpic.com
Cate,Schwerin,cschwerin3@wired.com
Bab,Haker,bhaker4@businessinsider.com
Sidonnie,Garrand,sgarrand5@hugedomains.com
Olivette,Domange,odomange6@simplemachines.org
Lew,Christofol,lchristofol7@wikispaces.com
Lucais,Coop,lcoop8@wiley.com
Genni,Stokes,gstokes9@booking.com
Betta,Amery,bamerya@vistaprint.com
Tony,Longrigg,tlongriggb@wix.com
Fairfax,Danilenko,fdanilenkoc@house.gov
Ruprecht,Muge,rmuged@weibo.com
Mar,Randell,mrandelle@omniture.com
Kort,Lewzey,klewzeyf@technorati.com
Boot,Bryan,bbryang@sitemeter.com
Granville,Bilham,gbilhamh@pinterest.com
Gnni,Mulqueeny,gmulqueenyi@hexun.com
Kial,Wakely,kwakelyj@networkadvertising.org
Issy,Carvell,icarvellk@guardian.co.uk
Orsa,Capun,ocapunl@abc.net.au
Kala,Beale,kbealem@ucsd.edu
Babara,Looks,blooksn@tinypic.com
Umeko,Hanwell,uhanwello@vinaora.com
Tris,Danne,tdannep@livejournal.com
Merralee,Raspison,mraspisonq@devhub.com
Melinde,Grundle,mgrundler@cnn.com
Marleah,Macknish,mmacknishs@mail.ru
Nikolai,Boult,nboultt@howstuffworks.com
Irina,Bubbins,ibubbinsu@istockphoto.com
Toni,Storck,tstorckv@vimeo.com
Fayette,Lantuff,flantuffw@hhs.gov
Stephi,Rosenzwig,srosenzwigx@multiply.com
Franklyn,Hattrick,fhattricky@nasa.gov
Tann,Rubra,trubraz@yellowpages.com
Alexio,Beauchamp,abeauchamp10@webmd.com
Feliks,Alessandrucci,falessandrucci11@baidu.com
Blondie,Halversen,bhalversen12@sitemeter.com
Emilie,Barbier,ebarbier13@shutterfly.com
Madlen,Bucknall,mbucknall14@hc360.com
Cindie,Ragless,cragless15@stumbleupon.com
Gus,Moloney,gmoloney16@ask.com
Malena,Humble,mhumble17@facebook.com
Piggy,Clausson,pclausson18@quantcast.com
Benito,Dodworth,bdodworth19@bbb.org
Raimondo,Pailin,rpailin1a@seattletimes.com
Hedi,Cocci,hcocci1b@tamu.edu
Gertrudis,Robens,grobens1c@feedburner.com
Gerard,Farrier,gfarrier1d@wordpress.com
Brennan,Mulloch,bmulloch1e@toplist.cz
Mackenzie,Tirone,mtirone1f@chron.com
Dorry,Anfosso,danfosso1g@ustream.tv
Desiree,Lyall,dlyall1h@is.gd
Fabe,Carless,fcarless1i@theguardian.com
Alidia,Truswell,atruswell1j@msn.com
Marco,MacAlpyne,mmacalpyne1k@nationalgeographic.com
Noelle,Cummings,ncummings1l@51.la
Corene,Brocks,cbrocks1m@washingtonpost.com
Ciel,Francis,cfrancis1n@salon.com
Willabella,Harris,wharris1o@ebay.co.uk
Isahella,Reace,ireace1p@hhs.gov
Dukey,Penwright,dpenwright1q@senate.gov
Webb,Tompkins,wtompkins1r@cornell.edu
Philip,Ruberry,pruberry1s@free.fr
Cindi,Grelka,cgrelka1t@webnode.com
Tabby,Weller,tweller1u@macromedia.com
Krystle,Smoughton,ksmoughton1v@over-blog.com
Marcille,Geaveny,mgeaveny1w@fema.gov
Rik,Merigot,rmerigot1x@networksolutions.com
Merridie,Spurnier,mspurnier1y@artisteer.com
Abbey,Schouthede,aschouthede1z@cbslocal.com
Mollie,Chinnick,mchinnick20@google.de
Isa,Pashenkov,ipashenkov21@qq.com
Fredra,Locarno,flocarno22@hugedomains.com
Cherin,Rumgay,crumgay23@washingtonpost.com
Jaquenetta,Ripley,jripley24@dagondesign.com
Ivonne,Gosby,igosby25@instagram.com
Tabbi,Payton,tpayton26@linkedin.com
Loree,Rockell,lrockell27@deliciousdays.com
Betteanne,Hemstead,bhemstead28@alibaba.com
Tucker,Hannay,thannay29@marketwatch.com
Reinhold,Burgot,rburgot2a@amazon.de
Gayla,Cecchi,gcecchi2b@nbcnews.com
Nat,Jeannard,njeannard2c@latimes.com
Taddeo,Conklin,tconklin2d@list-manage.com
Mariele,Wollaston,mwollaston2e@bbb.org
Cozmo,Gullis,cgullis2f@google.fr
Demetrius,Pittaway,dpittaway2g@narod.ru
Vaughan,Leverage,vleverage2h@csmonitor.com
Jessalyn,Pirot,jpirot2i@tinyurl.com
Edie,Gossop,egossop2j@businesswire.com
Ozzie,Binks,obinks2k@cdbaby.com
Normand,Butteris,nbutteris2l@state.gov
Catharina,Sigward,csigward2m@ebay.co.uk
Peggie,Eivers,peivers2n@networkadvertising.org
Sheba,Brimicombe,sbrimicombe2o@altervista.org
Thaxter,Marrett,tmarrett2p@mapy.cz
Sibby,Walkingshaw,swalkingshaw2q@e-recht24.de
Arman,Town,atown2r@msn.com
Freeman,Weeden,fweeden2s@deviantart.com
Salome,Hanselmann,shanselmann2t@mail.ru
Stefan,Strase,sstrase2u@homestead.com
Phillida,Saltsberger,psaltsberger2v@nih.gov
Francine,Innwood,finnwood2w@odnoklassniki.ru
Cordy,Chasle,cchasle2x@a8.net
Eustace,Favey,efavey2y@nhs.uk
Tammie,Druitt,tdruitt2z@nhs.uk
Teresina,Berkely,tberkely30@epa.gov
Whitman,Strongman,wstrongman31@kickstarter.com
Welbie,Brandi,wbrandi32@house.gov
Willy,Bracci,wbracci33@latimes.com
Rosalie,Schouthede,rschouthede34@discovery.com
Temp,Chominski,tchominski35@va.gov
Tab,Orrin,torrin36@webs.com
Andee,Ilieve,ailieve37@squarespace.com
Vanny,Kilgallon,vkilgallon38@unesco.org
Josh,Cowsby,jcowsby39@moonfruit.com
Jodee,Parzizek,jparzizek3a@smugmug.com
Harry,Ranking,hranking3b@wisc.edu
Gilda,Dinkin,gdinkin3c@intel.com
Caritta,Bourget,cbourget3d@auda.org.au
Roderic,Humbie,rhumbie3e@examiner.com
Donetta,Carlill,dcarlill3f@nydailynews.com
Chanda,Gravestone,cgravestone3g@hao123.com
Teddy,Sadgrove,tsadgrove3h@4shared.com
Nicko,Parr,nparr3i@tripadvisor.com
Flossy,Vinnicombe,fvinnicombe3j@ebay.com
Stafford,Ive,sive3k@state.tx.us
Loralie,Tuberfield,ltuberfield3l@about.com
Gaspar,Dadge,gdadge3m@tinypic.com
Elena,Mowbury,emowbury3n@wp.com
Tonie,Kubec,tkubec3o@youtu.be
Joey,MacRierie,jmacrierie3p@yandex.ru
Berna,Clubb,bclubb3q@xrea.com
Jaclin,Addeycott,jaddeycott3r@salon.com
Kania,Gianolo,kgianolo3s@vinaora.com
Cathee,Worral,cworral3t@cdc.gov
Marlo,Novotni,mnovotni3u@webs.com
Ewell,Woodyatt,ewoodyatt3v@opera.com
Niccolo,Klimentyev,nklimentyev3w@adobe.com
Michele,Lainton,mlainton3x@princeton.edu
Taylor,Goricke,tgoricke3y@shutterfly.com
Tracy,Petrolli,tpetrolli3z@dedecms.com
Greg,Gerardin,ggerardin40@marketwatch.com
Austin,Copperwaite,acopperwaite41@people.com.cn
Willamina,Feldhorn,wfeldhorn42@infoseek.co.jp
Greg,Tyne,gtyne43@sourceforge.net
Myrtia,Kennifeck,mkennifeck44@fastcompany.com
Antonietta,Oolahan,aoolahan45@over-blog.com
Estevan,Szepe,eszepe46@china.com.cn
Stacy,Raikes,sraikes47@twitter.com
Free,Osipov,fosipov48@wisc.edu
Job,Jaffra,jjaffra49@elegantthemes.com
Caprice,Huffer,chuffer4a@ucoz.com
Joletta,Glaum,jglaum4b@multiply.com
Rafferty,Barthropp,rbarthropp4c@ed.gov
Allie,Marston,amarston4d@multiply.com
Granger,Matthiae,gmatthiae4e@phpbb.com
Mariam,Scouse,mscouse4f@sina.com.cn
Griswold,McIlreavy,gmcilreavy4g@vinaora.com
Jo-anne,Espinal,jespinal4h@examiner.com
Jemima,Helstrip,jhelstrip4i@hc360.com
Lib,Pettinger,lpettinger4j@mtv.com
Nigel,Spratling,nspratling4k@skyrock.com
Leone,Tuffrey,ltuffrey4l@gizmodo.com
Taylor,Collabine,tcollabine4m@stanford.edu
Barbi,Mc Dermid,bmcdermid4n@geocities.com
Gerome,Keeney,gkeeney4o@webnode.com
Emmaline,Whorton,ewhorton4p@fastcompany.com
Jordan,Tinan,jtinan4q@google.co.jp
Audry,Sollner,asollner4r@posterous.com
Ingeborg,Wincott,iwincott4s@slate.com
Jeanna,Philbin,jphilbin4t@google.de
Bari,Absolom,babsolom4u@phoca.cz
Harrie,Genike,hgenike4v@chicagotribune.com
Sheelah,Morsom,smorsom4w@cafepress.com
Ingaberg,Bertholin,ibertholin4x@cnbc.com
Wendell,Fairbanks,wfairbanks4y@edublogs.org
Jenica,Wardall,jwardall4z@archive.org
Aldric,Beeres,abeeres50@addthis.com
Tiphani,O'Cannavan,tocannavan51@sbwire.com
Findlay,Oehme,foehme52@friendfeed.com
Clara,Kienzle,ckienzle53@mozilla.com
Milton,Tulip,mtulip54@godaddy.com
Nanci,Tomankowski,ntomankowski55@tinypic.com
Spencer,Barwis,sbarwis56@disqus.com
Elle,Battman,ebattman57@istockphoto.com
Fredericka,Ellicott,fellicott58@1und1.de
Margery,Ennew,mennew59@behance.net
Fidelio,Edgecombe,fedgecombe5a@wp.com
Tully,McWilliams,tmcwilliams5b@slashdot.org
Nicola,Arnaez,narnaez5c@cpanel.net
Corey,Ridett,cridett5d@wired.com
Egor,Tosh,etosh5e@gmpg.org
Lemmie,Olivier,lolivier5f@exblog.jp
Lotta,Sandells,lsandells5g@accuweather.com
Kristan,Prahm,kprahm5h@skyrock.com
Joel,Vicioso,jvicioso5i@issuu.com
Pascale,Talby,ptalby5j@globo.com
Siegfried,Bertwistle,sbertwistle5k@cnbc.com
Janot,Ramirez,jramirez5l@canalblog.com
Alphonse,Silvester,asilvester5m@geocities.jp
Alvera,Clawley,aclawley5n@reuters.com
Garek,Jackling,gjackling5o@theatlantic.com
Kacie,Vise,kvise5p@upenn.edu
Lurette,Browne,lbrowne5q@woothemes.com
Sol,Cabera,scabera5r@example.com
Elwood,Itzcovich,eitzcovich5s@sphinn.com
Christiana,Megson,cmegson5t@google.com.hk
Alley,Cleaton,acleaton5u@springer.com
Alvin,Norledge,anorledge5v@ning.com
Bambi,Yarrell,byarrell5w@jugem.jp
Abbey,Whitecross,awhitecross5x@bloglines.com
Torre,Elegood,telegood5y@washingtonpost.com
Ivonne,Moth,imoth5z@linkedin.com
Isac,Hargreaves,ihargreaves60@google.co.jp
Mallissa,Nalder,mnalder61@flavors.me
Whitney,Hewins,whewins62@xinhuanet.com
Davey,Fazan,dfazan63@nbcnews.com
Edith,Mottram,emottram64@zimbio.com
Othilia,Munsey,omunsey65@csmonitor.com
Tobey,Landy,tlandy66@linkedin.com
Carol-jean,Crepel,ccrepel67@over-blog.com
Neill,Cownden,ncownden68@java.com
Delia,Sheather,dsheather69@domainmarket.com
Danny,Gabbitas,dgabbitas6a@rakuten.co.jp
Elsa,Hinrich,ehinrich6b@dailymotion.com
Florentia,Tunnow,ftunnow6c@cmu.edu
Horton,Billyeald,hbillyeald6d@gmpg.org
Sisile,Noah,snoah6e@yellowpages.com
Carolina,Strutz,cstrutz6f@hibu.com
Aline,Trowel,atrowel6g@prlog.org
Virge,Nezey,vnezey6h@edublogs.org
Nanete,Cowsby,ncowsby6i@wisc.edu
Jeddy,Lubeck,jlubeck6j@reuters.com
Agatha,Dawidowsky,adawidowsky6k@goodreads.com
Matthus,Fallows,mfallows6l@dailymotion.com
Binnie,Monan,bmonan6m@dell.com
Marylou,Linfitt,mlinfitt6n@abc.net.au
Luz,Denington,ldenington6o@hibu.com
Nichole,Auchterlony,nauchterlony6p@upenn.edu
Richie,Shyres,rshyres6q@dailymail.co.uk
Bartlet,Blakeston,bblakeston6r@netvibes.com
Fonsie,Jeanequin,fjeanequin6s@hhs.gov
Cletus,Carik,ccarik6t@zdnet.com
Kirsti,Pocklington,kpocklington6u@mapquest.com
Flossie,McKevin,fmckevin6v@state.tx.us
Ali,Acors,aacors6w@gov.uk
Burty,Johanchon,bjohanchon6x@stanford.edu
Johny,Duggleby,jduggleby6y@123-reg.co.uk
Edik,Melloy,emelloy6z@usa.gov
Lorinda,Sabater,lsabater70@theatlantic.com
Alisander,Scase,ascase71@google.cn
Rory,Piolli,rpiolli72@cnet.com
Anica,Yushkov,ayushkov73@multiply.com
Fielding,Ismail,fismail74@yale.edu
Harriot,Jannex,hjannex75@time.com
Amii,Skamal,askamal76@goo.ne.jp
Waverly,Tomek,wtomek77@smh.com.au
Lisbeth,Selvester,lselvester78@e-recht24.de
Enoch,Birk,ebirk79@acquirethisname.com
Culley,Sollime,csollime7a@furl.net
Hillary,Younge,hyounge7b@biblegateway.com
Chandler,Speares,cspeares7c@jugem.jp
Anthe,Mc Meekin,amcmeekin7d@creativecommons.org
Maegan,Asif,masif7e@toplist.cz
Margot,Sillars,msillars7f@yellowbook.com
Karlotte,Winear,kwinear7g@elegantthemes.com
Sylvan,Keer,skeer7h@bloglines.com
Ora,Martynka,omartynka7i@dropbox.com
Baldwin,Iddons,biddons7j@unc.edu
Lorenzo,Perche,lperche7k@dot.gov
Leda,Blant,lblant7l@blog.com
Augustina,Menier,amenier7m@biglobe.ne.jp
Becca,Unsworth,bunsworth7n@goo.ne.jp
Milena,Lilleyman,mlilleyman7o@webmd.com
Etienne,Bubbins,ebubbins7p@tamu.edu
Maxy,Mingardo,mmingardo7q@discovery.com
Artus,Stuttman,astuttman7r@godaddy.com
Edee,Morston,emorston7s@whitehouse.gov
Ciel,Pym,cpym7t@amazon.de
Eolande,Daud,edaud7u@scribd.com
Farrell,Castiglioni,fcastiglioni7v@gmpg.org
Bartholomeus,Baty,bbaty7w@paginegialle.it
Marjory,Prandoni,mprandoni7x@privacy.gov.au
Gualterio,Belch,gbelch7y@hp.com
Kevon,Pittson,kpittson7z@patch.com
Hilary,Frogley,hfrogley80@abc.net.au
Barr,Willoughley,bwilloughley81@canalblog.com
Brynn,Giannasi,bgiannasi82@ow.ly
Effie,Wenzel,ewenzel83@joomla.org
Olwen,Hamsson,ohamsson84@mapy.cz
Ab,Coatts,acoatts85@oakley.com
Imogene,Niblock,iniblock86@vistaprint.com
Milka,Husset,mhusset87@ameblo.jp
Karyl,Brotherton,kbrotherton88@youtube.com
Trude,Gurdon,tgurdon89@yellowpages.com
Livvie,Bareford,lbareford8a@pen.io
Jaymee,Andrag,jandrag8b@businessinsider.com
Harriet,Roussell,hroussell8c@bandcamp.com
Mile,Shepherdson,mshepherdson8d@ow.ly
Frederica,Wylie,fwylie8e@phoca.cz
Nataniel,McElvine,nmcelvine8f@ebay.co.uk
Danika,McChesney,dmcchesney8g@acquirethisname.com
Gwenora,Whiteman,gwhiteman8h@slashdot.org
Leroi,Rowly,lrowly8i@vimeo.com
Manya,Escale,mescale8j@weibo.com
Malvina,Schult,mschult8k@canalblog.com
Michaeline,Sokell,msokell8l@ovh.net
Marjy,Simonelli,msimonelli8m@sciencedaily.com
Gale,De Paoli,gdepaoli8n@diigo.com
Estevan,Kildahl,ekildahl8o@addthis.com
Margo,Ilieve,milieve8p@wp.com
Jaquenetta,Harborow,jharborow8q@dailymail.co.uk
Grace,Louw,glouw8r@weather.com
Simone,Geldert,sgeldert8s@ibm.com
Christabella,Willder,cwillder8t@columbia.edu
Corbett,Redgate,credgate8u@tumblr.com
Edeline,Lethabridge,elethabridge8v@1und1.de
Powell,Torfin,ptorfin8w@ask.com
Celene,Venny,cvenny8x@theguardian.com
Chrissie,Pennycord,cpennycord8y@miibeian.gov.cn
Reagan,Perin,rperin8z@rakuten.co.jp
Jen,Gallamore,jgallamore90@wisc.edu
Johnny,Altoft,jaltoft91@deliciousdays.com
Elihu,Canada,ecanada92@oakley.com
Hugh,Brushfield,hbrushfield93@last.fm
Wilden,Schiefersten,wschiefersten94@wix.com
Caterina,Pughe,cpughe95@senate.gov
Erik,Morad,emorad96@last.fm
Pierre,Akister,pakister97@bbb.org
Reta,Welbourn,rwelbourn98@vinaora.com
Rudie,Maliffe,rmaliffe99@wikipedia.org
Eugenius,Fazan,efazan9a@blog.com
Daria,Oxtiby,doxtiby9b@paypal.com
Dido,Okell,dokell9c@slate.com
Alvina,Geffinger,ageffinger9d@umich.edu
Ardelia,Cooch,acooch9e@scientificamerican.com
Taber,Payn,tpayn9f@networksolutions.com
Arly,Meneyer,ameneyer9g@addtoany.com
Ross,Couronne,rcouronne9h@topsy.com
Regen,Seine,rseine9i@cyberchimps.com
Cull,Geydon,cgeydon9j@surveymonkey.com
Patricia,Ladbrooke,pladbrooke9k@linkedin.com
Angelina,Gillibrand,agillibrand9l@is.gd
Daria,Marritt,dmarritt9m@baidu.com
Clayson,Hobbing,chobbing9n@vimeo.com
Lazaro,Seefus,lseefus9o@moonfruit.com
Kylila,Tiffany,ktiffany9p@bandcamp.com
Vasily,Woodcroft,vwoodcroft9q@vistaprint.com
Prisca,Tytherton,ptytherton9r@umich.edu
Rice,Mac Giolla Pheadair,rmacgiollapheadair9s@webnode.com
Peg,Widdall,pwiddall9t@ifeng.com
Taffy,Blakeborough,tblakeborough9u@earthlink.net
Ira,Bittlestone,ibittlestone9v@wiley.com
Say,Garrattley,sgarrattley9w@pcworld.com
Giordano,Cannell,gcannell9x@wikispaces.com
Adelbert,Duckers,aduckers9y@wufoo.com
Lissi,Devas,ldevas9z@bloglines.com
Lewes,Clayhill,lclayhilla0@youtube.com
Basilio,Pyne,bpynea1@jigsy.com
Moyna,Humm,mhumma2@moonfruit.com
Jenine,MacCaughen,jmaccaughena3@chron.com
Lombard,MacCard,lmaccarda4@hugedomains.com
Mirabelle,Rayson,mraysona5@illinois.edu
Carroll,Stut,cstuta6@ted.com
Tanhya,Vigors,tvigorsa7@hostgator.com
Crin,Sambell,csambella8@state.gov
Muire,Perigo,mperigoa9@flavors.me
Tamra,Marchelli,tmarchelliaa@smugmug.com
Kennith,Derbyshire,kderbyshireab@example.com
Helen,Carette,hcaretteac@pbs.org
Orin,Thiolier,othiolierad@huffingtonpost.com
Charlotte,Eyckel,ceyckelae@ox.ac.uk
Esdras,Shackesby,eshackesbyaf@networkadvertising.org
Blinnie,Blazevic,bblazevicag@pcworld.com
Martin,Welldrake,mwelldrakeah@vistaprint.com
Baron,Cardillo,bcardilloai@drupal.org
Marijo,Brahan,mbrahanaj@ucoz.com
Wilone,Chamberlin,wchamberlinak@newyorker.com
Rebe,Evesque,revesqueal@weebly.com
Euell,Ren,erenam@bing.com
Elora,McCusker,emccuskeran@delicious.com
Malena,Struttman,mstruttmanao@go.com
Malissia,Fellis,mfellisap@businesswire.com
Emmott,Eeles,eeelesaq@sun.com
Ambrose,Spurrett,aspurrettar@istockphoto.com
Saloma,Ruddom,sruddomas@theguardian.com
Raff,Larchiere,rlarchiereat@tripod.com
Shirleen,Maryott,smaryottau@phpbb.com
Orella,Kanwell,okanwellav@cargocollective.com
Cherianne,Braunes,cbraunesaw@cdbaby.com
Perry,Bascomb,pbascombax@csmonitor.com
Kristina,Layne,klayneay@myspace.com
Jdavie,Sawdy,jsawdyaz@jugem.jp
Patin,Ragot,pragotb0@bigcartel.com
Claretta,Glen,cglenb1@senate.gov
Amber,Ivantyev,aivantyevb2@wisc.edu
Lanita,Drinkel,ldrinkelb3@patch.com
Leonid,Curdell,lcurdellb4@amazon.co.jp
Bertine,Noden,bnodenb5@unc.edu
Gavrielle,Ronca,groncab6@woothemes.com
Dewain,Ellor,dellorb7@cnbc.com
Rube,Brosoli,rbrosolib8@amazonaws.com
Cleve,Burnham,cburnhamb9@macromedia.com
Kathie,Plowell,kplowellba@aol.com
Douglass,Clutterham,dclutterhambb@indiegogo.com
Hall,Lamburne,hlamburnebc@livejournal.com
Olav,McGarrell,omcgarrellbd@nymag.com
Romeo,Hundell,rhundellbe@webmd.com
Nichols,Sowley,nsowleybf@wix.com
Thatcher,Micah,tmicahbg@discovery.com
Tait,Jovic,tjovicbh@examiner.com
Lisle,Poynor,lpoynorbi@taobao.com
Reidar,Fisby,rfisbybj@godaddy.com
Selle,Wainscoat,swainscoatbk@fastcompany.com
Reginauld,Kohrs,rkohrsbl@europa.eu
Meredithe,Pleass,mpleassbm@sogou.com
Emmanuel,Paolozzi,epaolozzibn@rambler.ru
Brennan,Wenham,bwenhambo@desdev.cn
Ward,Caulkett,wcaulkettbp@hc360.com
Drona,Pressnell,dpressnellbq@squarespace.com
Magdalena,Dutteridge,mdutteridgebr@berkeley.edu
Benjy,Knevett,bknevettbs@list-manage.com
Arabela,Chown,achownbt@youtube.com
Stephi,Stedman,sstedmanbu@goo.gl
Erinn,Walbrun,ewalbrunbv@discovery.com
Jane,Stampfer,jstampferbw@patch.com
Marcille,Carletti,mcarlettibx@telegraph.co.uk
Kimberlyn,Spon,ksponby@cbc.ca
Teddy,Jimes,tjimesbz@behance.net
Rawley,Uglow,ruglowc0@bluehost.com
Lorrie,Gaddas,lgaddasc1@dedecms.com
Even,Pierson,epiersonc2@ovh.net
Lennie,Birchwood,lbirchwoodc3@zimbio.com
Maddie,Tunmore,mtunmorec4@g.co
Keen,Stonman,kstonmanc5@usnews.com
Sheela,Norville,snorvillec6@squidoo.com
Margie,Roycroft,mroycroftc7@macromedia.com
Tedie,Alfonso,talfonsoc8@studiopress.com
Jarrod,Juszczyk,jjuszczykc9@msn.com
Clem,Kivlehan,ckivlehanca@ning.com
Anica,Ballsdon,aballsdoncb@ca.gov
Miltie,Yourell,myourellcc@about.me
Elana,Strowan,estrowancd@is.gd
Melisent,Spittall,mspittallce@accuweather.com
Babara,Manger,bmangercf@cbsnews.com
Ettie,Gartenfeld,egartenfeldcg@reference.com
Florian,Grigoryov,fgrigoryovch@deliciousdays.com
Barnabas,Eastcott,beastcottci@sciencedaily.com
Lynsey,Lampart,llampartcj@nifty.com
Gabriell,Shear,gshearck@skyrock.com
Quinn,Connah,qconnahcl@google.cn
Kim,Desson,kdessoncm@booking.com
Beck,Mussalli,bmussallicn@wsj.com
Theodor,Donisi,tdonisico@hatena.ne.jp
Leese,Patshull,lpatshullcp@nymag.com
Cecilia,Brigshaw,cbrigshawcq@skyrock.com
Maddalena,Guite,mguitecr@i2i.jp
Tabina,Nind,tnindcs@skyrock.com
Josie,Duchant,jduchantct@wordpress.com
Malina,Wrankmore,mwrankmorecu@ameblo.jp
Eran,Vasilyonok,evasilyonokcv@dagondesign.com
Reinold,Jurczak,rjurczakcw@photobucket.com
Rodger,Laurentino,rlaurentinocx@ed.gov
Norina,Faudrie,nfaudriecy@usda.gov
Delphinia,VanBrugh,dvanbrughcz@indiatimes.com
Mahalia,Lilloe,mlilloed0@prlog.org
Marylee,Winfred,mwinfredd1@wikimedia.org
Thorny,Cleobury,tcleoburyd2@goodreads.com
Arel,Tommei,atommeid3@privacy.gov.au
Angela,Kundt,akundtd4@zimbio.com
Ashien,Preator,apreatord5@examiner.com
Pearla,Sheach,psheachd6@mediafire.com
Nata,MacGahey,nmacgaheyd7@hugedomains.com
Martino,Ceeley,mceeleyd8@linkedin.com
Adler,Dameisele,adameiseled9@g.co
Julian,Waddy,jwaddyda@soundcloud.com
Killy,Ofield,kofielddb@ehow.com
Vinny,Egentan,vegentandc@vk.com
Agnola,Bedbury,abedburydd@imageshack.us
Flin,Treven,ftrevende@discovery.com
Ketti,Pyrke,kpyrkedf@google.com.au
Chrysler,Birdsey,cbirdseydg@sakura.ne.jp
Halsy,Shermore,hshermoredh@answers.com
Deloris,Isaksen,disaksendi@reddit.com
Hilario,Cornillot,hcornillotdj@ovh.net
Julie,Goggan,jgoggandk@google.co.jp
Caril,Bru,cbrudl@google.co.uk
Vally,Spick,vspickdm@fema.gov
Rance,Thombleson,rthomblesondn@infoseek.co.jp
Kellyann,Wearne,kwearnedo@fotki.com
Maureen,Cogar,mcogardp@technorati.com
Lainey,Buzin,lbuzindq@cpanel.net
Joby,Eltringham,jeltringhamdr@wordpress.org
Sydney,Roskell,sroskellds@netvibes.com
Sadye,Drabble,sdrabbledt@nba.com
Davide,Balk,dbalkdu@rediff.com
Roseanne,Yarrow,ryarrowdv@sfgate.com
Deerdre,Ivanenkov,divanenkovdw@geocities.com
Elissa,Boss,ebossdx@soup.io
Skipp,Ladbrook,sladbrookdy@cnn.com
Maurene,Gemmill,mgemmilldz@auda.org.au
Brita,Guichard,bguicharde0@nydailynews.com
Dallon,Lesor,dlesore1@addthis.com
Tobye,Bathow,tbathowe2@csmonitor.com
Frankie,Shaw,fshawe3@spiegel.de
Cassandra,Bunner,cbunnere4@e-recht24.de
Ryan,Patron,rpatrone5@wiley.com
Adolph,Wharrier,awharriere6@cdc.gov
Kiele,Porritt,kporritte7@desdev.cn
Kira,Hobbert,khobberte8@europa.eu
Shayne,Deavall,sdeavalle9@mapquest.com
Rozalie,McGaugan,rmcgauganea@jigsy.com
Rolfe,Deverille,rdeverilleeb@blogs.com
Bruno,Kann,bkannec@irs.gov
Gavrielle,Mobbs,gmobbsed@ucoz.ru
Madelina,Lief,mliefee@storify.com
Vernor,Kinton,vkintonef@friendfeed.com
Maureene,Pawelski,mpawelskieg@artisteer.com
Cynthie,Panketh,cpanketheh@vk.com
Clementine,Summerson,csummersonei@usatoday.com
Friederike,Iddenden,fiddendenej@pen.io
Freedman,Christaeas,fchristaeasek@elegantthemes.com
Winfield,Rickhuss,wrickhussel@gizmodo.com
Patric,Ireson,piresonem@cam.ac.uk
Myrtia,Hovee,mhoveeen@technorati.com
Vina,Holberry,vholberryeo@ucoz.ru
Obie,Zoane,ozoaneep@nasa.gov
Bevvy,Lauridsen,blauridseneq@dagondesign.com
Liesa,Liggens,lliggenser@dailymotion.com
Leelah,Wackett,lwackettes@timesonline.co.uk
Selinda,Leas,sleaset@google.cn
Marc,Bride,mbrideeu@howstuffworks.com
Dukie,Otley,dotleyev@wiley.com
Margo,Hazeldean,mhazeldeanew@example.com
Wye,Brownbill,wbrownbillex@tripadvisor.com
Bunnie,Kyd,bkydey@mapy.cz
Orson,Trevaskiss,otrevaskissez@msn.com
Mata,Littell,mlittellf0@naver.com
Garrott,Ateggart,gateggartf1@walmart.com
Antone,Officer,aofficerf2@mtv.com
Shani,Jaycox,sjaycoxf3@rambler.ru
Marci,Schops,mschopsf4@who.int
Miguela,Frise,mfrisef5@theatlantic.com
Clare,McCurdy,cmccurdyf6@reference.com
Jammie,Fallows,jfallowsf7@netvibes.com
Merrilee,Byfield,mbyfieldf8@home.pl
Zulema,McReidy,zmcreidyf9@ft.com
Hartley,McGaugie,hmcgaugiefa@usda.gov
Lynn,Charrington,lcharringtonfb@unicef.org
Filide,Antosik,fantosikfc@ycombinator.com
Arda,Pellitt,apellittfd@devhub.com
Jose,Ricardo,jricardofe@sitemeter.com
Buckie,Hunnam,bhunnamff@ca.gov
Jolee,Chatell,jchatellfg@fda.gov
Sallie,Kinzett,skinzettfh@amazon.co.jp
Gregg,Hardway,ghardwayfi@google.cn
Darcy,O'Cassidy,docassidyfj@xing.com
Elissa,Vokins,evokinsfk@goo.gl
Ilse,Collumbine,icollumbinefl@gmpg.org
Euphemia,Gisby,egisbyfm@abc.net.au
Ingaberg,Karet,ikaretfn@ocn.ne.jp
Dyane,Lambis,dlambisfo@eventbrite.com
Duncan,Truran,dtruranfp@wp.com
Cornela,Yukhtin,cyukhtinfq@gizmodo.com
Bianka,Speeks,bspeeksfr@squarespace.com
Sheri,Dmitr,sdmitrfs@webeden.co.uk
Hugibert,Boyland,hboylandft@facebook.com
Norine,Ducker,nduckerfu@jugem.jp
Willey,Going,wgoingfv@scribd.com
Noell,Gyurko,ngyurkofw@nsw.gov.au
Otha,Moggan,omogganfx@themeforest.net
Elmore,Celand,ecelandfy@pbs.org
Rafaela,Hillin,rhillinfz@discovery.com
Arne,Van Saltsberg,avansaltsbergg0@fda.gov
Janey,Schoffel,jschoffelg1@printfriendly.com
Lauralee,Philipsohn,lphilipsohng2@wp.com
Ashleigh,Volett,avolettg3@netlog.com
Fanni,Grimme,fgrimmeg4@dropbox.com
Stella,Lillee,slilleeg5@wikia.com
Estrellita,Du Plantier,eduplantierg6@wikipedia.org
Carmelia,Blaxeland,cblaxelandg7@t-online.de
Phil,Hauxley,phauxleyg8@pagesperso-orange.fr
Joby,McGuiney,jmcguineyg9@mozilla.org
Lars,Dugald,ldugaldga@google.nl
Eleen,Halley,ehalleygb@dailymotion.com
Kiley,Ummfrey,kummfreygc@phoca.cz
Enrique,Biggins,ebigginsgd@craigslist.org
Marlo,Ferreiro,mferreiroge@webeden.co.uk
Monte,Kirkby,mkirkbygf@irs.gov
Deck,Landeaux,dlandeauxgg@freewebs.com
Franzen,Lardner,flardnergh@seattletimes.com
Ed,Kitto,ekittogi@simplemachines.org
Hyacinthe,Clemes,hclemesgj@etsy.com
Annabelle,Semarke,asemarkegk@vimeo.com
Tomaso,Unsworth,tunsworthgl@google.com
Daffy,Rozzier,drozziergm@dion.ne.jp
Robin,Keatch,rkeatchgn@1688.com
Zechariah,Scrane,zscranego@blogs.com
Reeba,Augar,raugargp@prnewswire.com
Lilias,Mattiessen,lmattiessengq@multiply.com
Tresa,Brigg,tbrigggr@adobe.com
Kassi,Kersting,kkerstinggs@ebay.com
Laetitia,Shervington,lshervingtongt@live.com
Fabian,Helliker,fhellikergu@w3.org
Ari,Klimowski,aklimowskigv@shareasale.com
Kassia,Kleinzweig,kkleinzweiggw@columbia.edu
Nevin,Mariolle,nmariollegx@cnet.com
Anselma,Cleynaert,acleynaertgy@latimes.com
Lucio,Kerridge,lkerridgegz@hhs.gov
Griff,Capstack,gcapstackh0@google.co.uk
Desmund,Biddiss,dbiddissh1@shinystat.com
Emili,Neward,enewardh2@mediafire.com
Obie,Ballefant,oballefanth3@rambler.ru
Porter,McRinn,pmcrinnh4@is.gd
Ede,Puncher,epuncherh5@reddit.com
Terry,Taile,ttaileh6@joomla.org
Darrelle,Voelker,dvoelkerh7@xrea.com
Godfree,Farmer,gfarmerh8@stanford.edu
Silvano,Neathway,sneathwayh9@pbs.org
Richy,Drabble,rdrabbleha@google.ru
Fredek,Stranieri,fstranierihb@reference.com
Lion,Ganforth,lganforthhc@jiathis.com
Lorne,Obee,lobeehd@nasa.gov
Glynda,Manlow,gmanlowhe@walmart.com
Zak,Esmond,zesmondhf@princeton.edu
Othelia,Ashington,oashingtonhg@studiopress.com
Olympe,Millimoe,omillimoehh@typepad.com
Kat,Laphorn,klaphornhi@opensource.org
Averill,McDougald,amcdougaldhj@house.gov
Akim,Longstaff,alongstaffhk@discuz.net
Hyman,Cripin,hcripinhl@bravesites.com
Charmion,Akitt,cakitthm@bloomberg.com
Sunny,Carlo,scarlohn@upenn.edu
Nadine,Probbings,nprobbingsho@google.co.uk
Gnni,Garrique,ggarriquehp@wunderground.com
Euell,Sellers,esellershq@guardian.co.uk
Irv,Coverley,icoverleyhr@dot.gov
Alvinia,Gornar,agornarhs@nhs.uk
Alice,Biesty,abiestyht@hatena.ne.jp
Nicoli,Lavery,nlaveryhu@dailymail.co.uk
Elinore,Angrock,eangrockhv@slate.com
Perla,Nerheny,pnerhenyhw@dell.com
Fredric,Goodhew,fgoodhewhx@canalblog.com
Ivory,Siemantel,isiemantelhy@so-net.ne.jp
Rurik,Chown,rchownhz@ycombinator.com
Berkie,Robertsen,brobertseni0@hubpages.com
Wayland,Grave,wgravei1@slate.com
Anson,Cronkshaw,acronkshawi2@pcworld.com
Johnnie,Boutflour,jboutflouri3@fotki.com
Bil,Normanvill,bnormanvilli4@xrea.com
Iormina,Habgood,ihabgoodi5@psu.edu
Emmerich,Garman,egarmani6@smh.com.au
Rustie,Luckett,rlucketti7@wordpress.org
Casandra,Gingell,cgingelli8@google.com.au
Charline,Flukes,cflukesi9@nps.gov
Hayyim,Beresfore,hberesforeia@cocolog-nifty.com
Langsdon,Roberti,lrobertiib@skyrock.com
Cristi,Woodroffe,cwoodroffeic@theguardian.com
Kara-lynn,Verity,kverityid@wiley.com
Oliviero,Tregona,otregonaie@japanpost.jp
Tremain,Skarman,tskarmanif@spiegel.de
Godard,Buncher,gbuncherig@forbes.com
Frazier,O' Mahony,fomahonyih@discuz.net
Charlene,Mahy,cmahyii@home.pl
Jamie,Yurevich,jyurevichij@wikimedia.org
Eden,Gorton,egortonik@amazon.co.uk
Raleigh,Southerell,rsoutherellil@google.it
Kris,Brands,kbrandsim@yolasite.com
Currie,Devita,cdevitain@bloglovin.com
Lotty,Bockett,lbockettio@bigcartel.com
Flo,Karolowski,fkarolowskiip@accuweather.com
Orin,Delcastel,odelcasteliq@cargocollective.com
Damon,Goody,dgoodyir@intel.com
Montgomery,Gowler,mgowleris@nydailynews.com
Lucky,Skill,lskillit@booking.com
Abraham,Fidgin,afidginiu@ibm.com
Way,Gerardot,wgerardotiv@umn.edu
Vitia,Crotty,vcrottyiw@google.com.br
Sena,Percy,spercyix@yahoo.com
Moore,Arstingall,marstingalliy@sakura.ne.jp
Karine,Dackombe,kdackombeiz@dagondesign.com
Jacky,Dutteridge,jdutteridgej0@live.com
Karoly,Goatman,kgoatmanj1@nps.gov
Catha,Southerill,csoutherillj2@tmall.com
Ralina,Gietz,rgietzj3@abc.net.au
Kinny,Matevosian,kmatevosianj4@behance.net
Andreas,Hagstone,ahagstonej5@ucoz.com
Torrin,Mugford,tmugfordj6@loc.gov
Zorah,Graveney,zgraveneyj7@google.nl
Danyelle,Sallery,dsalleryj8@nyu.edu
Briney,Yackiminie,byackiminiej9@tiny.cc
Maynard,Tompsett,mtompsettja@hibu.com
Drucill,Emmins,demminsjb@home.pl
Bathsheba,Pashler,bpashlerjc@ted.com
Guendolen,Congreve,gcongrevejd@purevolume.com
Wes,Dolton,wdoltonje@wunderground.com
Glory,Royce,groycejf@topsy.com
Clem,Wombwell,cwombwelljg@mapy.cz
Moira,Belz,mbelzjh@uiuc.edu
Alfonse,Dreinan,adreinanji@google.nl
Katerina,Helkin,khelkinjj@vistaprint.com
Shelli,Smythe,ssmythejk@buzzfeed.com
Minny,Cullotey,mculloteyjl@redcross.org
Lucille,Cowsby,lcowsbyjm@wired.com
Dolf,Gilley,dgilleyjn@seattletimes.com
Celestyna,Tellenbroker,ctellenbrokerjo@51.la
Ainslee,Kleynen,akleynenjp@blogger.com
Rodolphe,Talmadge,rtalmadgejq@npr.org
Laney,Twittey,ltwitteyjr@timesonline.co.uk
Bibbie,Sloy,bsloyjs@fema.gov
Herbie,Trippett,htrippettjt@vimeo.com
Wallie,Rostron,wrostronju@princeton.edu
Johnny,Collingdon,jcollingdonjv@tuttocitta.it
Freeland,Wegener,fwegenerjw@npr.org
Edwin,Mityushin,emityushinjx@hud.gov
Vonni,Stanlike,vstanlikejy@jugem.jp
Arleyne,Dugood,adugoodjz@t.co
Sherri,Vamplus,svamplusk0@bing.com
Burnard,Johanning,bjohanningk1@constantcontact.com
Darill,Stennett,dstennettk2@dedecms.com
Carilyn,Espasa,cespasak3@admin.ch
Natale,Orsman,norsmank4@t.co
Redd,McCorkindale,rmccorkindalek5@archive.org
Sharlene,McGurgan,smcgurgank6@parallels.com
Thibaut,Nevin,tnevink7@marketwatch.com
Sterne,Giacubo,sgiacubok8@sciencedirect.com
Rene,Lawson,rlawsonk9@slideshare.net
Sunshine,Georgeot,sgeorgeotka@diigo.com
Beatrix,Zylbermann,bzylbermannkb@telegraph.co.uk
Justino,Thalmann,jthalmannkc@deviantart.com
Corine,Longmire,clongmirekd@last.fm
Bianka,Stibbs,bstibbske@fda.gov
Ermentrude,Coddington,ecoddingtonkf@theglobeandmail.com
Cally,Bentz,cbentzkg@prweb.com
Nye,Stonebanks,nstonebankskh@netscape.com
Alyse,Lambregts,alambregtski@t.co
Aron,Dumbell,adumbellkj@google.nl
Simonne,Suett,ssuettkk@umn.edu
Sashenka,Carlens,scarlenskl@hhs.gov
Irwinn,Audus,iauduskm@nationalgeographic.com
Bertie,Cassius,bcassiuskn@taobao.com
Creigh,Bartoszewicz,cbartoszewiczko@lulu.com
Frank,Arling,farlingkp@globo.com
Lyn,Bonney,lbonneykq@sciencedaily.com
Caitlin,Beringer,cberingerkr@timesonline.co.uk
Bil,Vina,bvinaks@yellowpages.com
Chrissie,Hutfield,chutfieldkt@prweb.com
Worthington,Mersey,wmerseyku@dyndns.org
Lauri,Reyna,lreynakv@feedburner.com
Terrance,De Bruijn,tdebruijnkw@yahoo.co.jp
Gladys,Broady,gbroadykx@discuz.net
Kip,Dyer,kdyerky@auda.org.au
Aeriell,Booty,abootykz@netlog.com
Christye,Mattimoe,cmattimoel0@woothemes.com
Chelsae,Brimblecomb,cbrimblecombl1@elpais.com
Alma,Rumney,arumneyl2@alibaba.com
Madge,Avrahamian,mavrahamianl3@linkedin.com
Kayla,Hirtz,khirtzl4@princeton.edu
Vladimir,Okenden,vokendenl5@multiply.com
Shannen,Axston,saxstonl6@jigsy.com
Anders,Dolley,adolleyl7@mail.ru
Gail,Bonn,gbonnl8@yellowbook.com
Conchita,Howship,chowshipl9@woothemes.com
Jarad,Pechell,jpechellla@oracle.com
Fredric,Davidsen,fdavidsenlb@yelp.com
Heidie,Kebell,hkebelllc@t.co
Pauly,Duncan,pduncanld@pen.io
Arnuad,Krollmann,akrollmannle@tamu.edu
Harcourt,Kirman,hkirmanlf@unblog.fr
Bent,Lysons,blysonslg@artisteer.com
Arman,McCarrell,amccarrelllh@cloudflare.com
Terry,Antonich,tantonichli@arstechnica.com
Dukie,Sauvain,dsauvainlj@cbsnews.com
Cindee,Lochrie,clochrielk@infoseek.co.jp
Melvin,Kilpatrick,mkilpatrickll@surveymonkey.com
Cary,Chimes,cchimeslm@homestead.com
Oates,Figgures,ofigguresln@stumbleupon.com
Pattie,Heading,pheadinglo@nih.gov
Tandie,Dalston,tdalstonlp@meetup.com
Eada,Coultous,ecoultouslq@github.com
Faina,Cuttelar,fcuttelarlr@wisc.edu
Atalanta,Tritten,atrittenls@google.com.au
Dayle,M'cowis,dmcowislt@simplemachines.org
Abbey,Elloy,aelloylu@wikimedia.org
Derwin,Esby,desbylv@tinypic.com
Cissy,Steptow,csteptowlw@istockphoto.com
Haydon,O'Corr,hocorrlx@cbsnews.com
Boyce,Sarsons,bsarsonsly@tamu.edu
Walther,Tripp,wtripplz@zdnet.com
Guglielma,Heam,gheamm0@dyndns.org
Beatriz,Carruthers,bcarruthersm1@360.cn
Yule,Blasing,yblasingm2@netscape.com
Pooh,Fieldstone,pfieldstonem3@dailymail.co.uk
Herb,Fidock,hfidockm4@irs.gov
Ara,Romanini,aromaninim5@g.co
Nelia,Cripps,ncrippsm6@pcworld.com
Peria,O'Boyle,poboylem7@purevolume.com
Fern,Cady,fcadym8@google.ru
Katti,Nornasell,knornasellm9@dyndns.org
Heloise,Fassan,hfassanma@multiply.com
Molly,O'Flaverty,moflavertymb@ow.ly
Ailey,Heliot,aheliotmc@hexun.com
Ronny,Tremayne,rtremaynemd@yahoo.com
Brendis,Humfrey,bhumfreyme@addthis.com
Findlay,Dethloff,fdethloffmf@wufoo.com
Erv,Blose,eblosemg@seattletimes.com
Buddy,Leithgoe,bleithgoemh@cocolog-nifty.com
Mead,Giacomini,mgiacominimi@hatena.ne.jp
Cecil,Lissandrini,clissandrinimj@miibeian.gov.cn
Hanna,Juara,hjuaramk@nyu.edu
Even,Addie,eaddieml@sina.com.cn
Rick,Lauks,rlauksmm@ftc.gov
Hadrian,Burrus,hburrusmn@stumbleupon.com
Neddy,Tolchard,ntolchardmo@reddit.com
Rozamond,McWhorter,rmcwhortermp@mtv.com
Dulcia,Rhymer,drhymermq@clickbank.net
Mirilla,Parlatt,mparlattmr@twitter.com
Diane,Woodyeare,dwoodyearems@nba.com
Dougie,Caven,dcavenmt@pbs.org
Deedee,Garlee,dgarleemu@nyu.edu
Leonora,Adami,ladamimv@rambler.ru
Essy,Ghiron,eghironmw@ning.com
Tobias,Vanyukov,tvanyukovmx@hc360.com
Loralee,Benech,lbenechmy@washingtonpost.com
Luke,Brentnall,lbrentnallmz@statcounter.com
Clarey,Alvar,calvarn0@bloomberg.com
Megan,Merriman,mmerrimann1@behance.net
Keenan,Fills,kfillsn2@marriott.com
Elia,Reddle,ereddlen3@bloglines.com
Guillermo,Van Der Hoog,gvanderhoogn4@chicagotribune.com
Lira,Bauman,lbaumann5@hc360.com
Fanny,Navarro,fnavarron6@surveymonkey.com
Dulsea,Diglin,ddiglinn7@webnode.com
Crista,Gillbanks,cgillbanksn8@xing.com
Kelli,Harral,kharraln9@cnet.com
Bjorn,Williamson,bwilliamsonna@cloudflare.com
Aymer,Faltskog,afaltskognb@ft.com
Ardene,Bowhay,abowhaync@posterous.com
Kimble,Mico,kmicond@businesswire.com
Maible,Calam,mcalamne@wsj.com
Kin,Lindenbaum,klindenbaumnf@tuttocitta.it
Ali,Le Marquis,alemarquisng@bizjournals.com
Kimbell,Cowing,kcowingnh@wordpress.com
Haleigh,Shawcross,hshawcrossni@i2i.jp
Veronike,Rieme,vriemenj@seesaa.net
Jenifer,Privett,jprivettnk@theguardian.com
Crystie,Peploe,cpeploenl@ehow.com
Piper,Tomkiss,ptomkissnm@skype.com
Abbie,Rintoul,arintoulnn@feedburner.com
Jacenta,Magson,jmagsonno@reference.com
Reidar,Jouhning,rjouhningnp@meetup.com
Ingra,Woolfenden,iwoolfendennq@dailymotion.com
Almira,Goodnow,agoodnownr@vistaprint.com
Francesco,Koenraad,fkoenraadns@cdc.gov
Rowena,Fidal,rfidalnt@yahoo.com
Leonerd,Slisby,lslisbynu@toplist.cz
Nan,Thorneloe,nthorneloenv@webs.com
Kayle,Gorges,kgorgesnw@netscape.com
Coriss,McErlaine,cmcerlainenx@webmd.com
Feodor,Wingeatt,fwingeattny@php.net
Anjanette,Dary,adarynz@flavors.me
Leese,Brandino,lbrandinoo0@cdc.gov
Judy,Franscioni,jfranscionio1@sourceforge.net
Terrie,Slimmon,tslimmono2@ning.com
Wynny,Farragher,wfarraghero3@prlog.org
Evangelia,Colbron,ecolbrono4@flavors.me
Alejandra,Hurlin,ahurlino5@pagesperso-orange.fr
Gisella,McElrea,gmcelreao6@ycombinator.com
Morie,Howgill,mhowgillo7@bloglines.com
Tabina,Mayow,tmayowo8@nydailynews.com
Gleda,Daoust,gdaousto9@privacy.gov.au
Ailey,Buckbee,abuckbeeoa@wp.com
Jay,Speeks,jspeeksob@twitpic.com
Rivy,Goschalk,rgoschalkoc@youtu.be
Kassi,Sheards,ksheardsod@spiegel.de
Levy,Lindermann,llindermannoe@merriam-webster.com
Ozzy,Leivesley,oleivesleyof@blogger.com
West,Brangan,wbranganog@yahoo.com
Stinky,Tomeo,stomeooh@xrea.com
Debera,Wilce,dwilceoi@gmpg.org
Denney,Fudge,dfudgeoj@wordpress.org
Worthington,Vizor,wvizorok@senate.gov
Kaye,Aicheson,kaichesonol@toplist.cz
Aundrea,Iremonger,airemongerom@twitpic.com
Denice,Robet,drobeton@dedecms.com
Morty,Humphery,mhumpheryoo@so-net.ne.jp
Milo,Hundal,mhundalop@360.cn
Llywellyn,Pinchen,lpinchenoq@hc360.com
Wendye,Ianniello,wiannielloor@vimeo.com
Jobey,Andreone,jandreoneos@columbia.edu
Damian,Harbor,dharborot@boston.com
Tamar,Scurrey,tscurreyou@vistaprint.com
Gwenette,Mabone,gmaboneov@so-net.ne.jp
Mag,Kemetz,mkemetzow@google.ca
Roxanne,Letcher,rletcherox@flavors.me
Buffy,Woliter,bwoliteroy@networkadvertising.org
Wallie,Ever,weveroz@usda.gov
Lisabeth,Gullis,lgullisp0@abc.net.au
Emmey,Towlson,etowlsonp1@goodreads.com
Tammara,Cicchetto,tcicchettop2@hp.com
Bevon,Tremethack,btremethackp3@weebly.com
Daniel,Audsley,daudsleyp4@berkeley.edu
May,Cassin,mcassinp5@smugmug.com
Saba,Cavee,scaveep6@timesonline.co.uk
Dunn,Giannini,dgianninip7@wunderground.com
Thea,Grieswood,tgrieswoodp8@usgs.gov
Kimball,Daoust,kdaoustp9@umn.edu
Bobbie,Hairs,bhairspa@dedecms.com
Friedrich,Cawkwell,fcawkwellpb@printfriendly.com
Devora,Janoch,djanochpc@spiegel.de
Karola,Callis,kcallispd@sciencedaily.com
Goldy,Dalliwatr,gdalliwatrpe@jugem.jp
Ryley,Reinhard,rreinhardpf@virginia.edu
Halley,Bernollet,hbernolletpg@newyorker.com
Cyb,Bezley,cbezleyph@state.gov
Inez,Lapidus,ilapiduspi@squidoo.com
Dell,Hofer,dhoferpj@earthlink.net
Aland,Crampin,acrampinpk@desdev.cn
Percy,Stenner,pstennerpl@scribd.com
Daveen,Ronayne,dronaynepm@discuz.net
Dennie,Arling,darlingpn@printfriendly.com
Yancy,O'Regan,yoreganpo@cafepress.com
Paolo,Dalton,pdaltonpp@senate.gov
Jakob,Oldham,joldhampq@nytimes.com
Cate,Lazonby,clazonbypr@ycombinator.com
Marguerite,Ayliffe,mayliffeps@amazon.com
Truda,Billin,tbillinpt@yale.edu
Murray,Goves,mgovespu@e-recht24.de
Roxane,McComas,rmccomaspv@twitter.com
Gilles,McIlherran,gmcilherranpw@chronoengine.com
Austen,Kiley,akileypx@wix.com
Kandace,Mariot,kmariotpy@economist.com
Madge,Iacobo,miacobopz@soup.io
Zeb,Nasey,znaseyq0@godaddy.com
Meggi,Spaxman,mspaxmanq1@canalblog.com
Fritz,Blundan,fblundanq2@wikipedia.org
Ezequiel,Anthonsen,eanthonsenq3@youtu.be
Bonita,Kesten,bkestenq4@issuu.com
Jordon,Ferrario,jferrarioq5@issuu.com
Rafaela,Medeway,rmedewayq6@indiegogo.com
Weber,Rumbold,wrumboldq7@umn.edu
Valentine,Nesbeth,vnesbethq8@gnu.org
Margarethe,Jobes,mjobesq9@friendfeed.com
Agneta,Wych,awychqa@weibo.com
Somerset,Hawlgarth,shawlgarthqb@dedecms.com
Mitch,Herries,mherriesqc@google.de
Benny,Bick,bbickqd@trellian.com
Cayla,Cordel,ccordelqe@ocn.ne.jp
Manny,O'Leary,molearyqf@wp.com
Gerta,Neillans,gneillansqg@mozilla.com
Leupold,Morgen,lmorgenqh@yale.edu
Fonz,Lawlings,flawlingsqi@ted.com
Kiele,Salisbury,ksalisburyqj@netvibes.com
Cob,Pinare,cpinareqk@discuz.net
Branden,Brader,bbraderql@ed.gov
Kakalina,Janouch,kjanouchqm@webmd.com
Olivette,Dunston,odunstonqn@pbs.org
Bridie,Aucutt,baucuttqo@mtv.com
Kelcie,Semerad,ksemeradqp@rediff.com
Humfrey,Kliemann,hkliemannqq@vinaora.com
Clerc,Borley,cborleyqr@goo.gl
Bevvy,Barthelmes,bbarthelmesqs@ycombinator.com
Fedora,Spyer,fspyerqt@barnesandnoble.com
Arabella,Le Cornu,alecornuqu@exblog.jp
Care,Gamlin,cgamlinqv@boston.com
Ashia,Larvin,alarvinqw@cornell.edu
Dacey,Kier,dkierqx@ehow.com
Tiertza,Yablsley,tyablsleyqy@mac.com
Helaina,Jirek,hjirekqz@google.pl
Mycah,Lidster,mlidsterr0@jimdo.com
Cherry,Raye,crayer1@go.com
Emmet,Selby,eselbyr2@is.gd
Trumaine,Weighell,tweighellr3@statcounter.com
Gregory,Prangnell,gprangnellr4@joomla.org
Niel,Stockell,nstockellr5@youtu.be
Rowland,Berkley,rberkleyr6@google.cn
Marisa,Latek,mlatekr7@feedburner.com
Valery,Chesworth,vchesworthr8@cbc.ca
Micheline,Kordovani,mkordovanir9@ifeng.com
Micky,Songest,msongestra@addtoany.com
Delmer,Lenchenko,dlenchenkorb@techcrunch.com
Gretal,Whetson,gwhetsonrc@delicious.com
Durward,Heinsius,dheinsiusrd@squidoo.com
Kari,Shenton,kshentonre@ebay.co.uk
Corey,Terbrug,cterbrugrf@paypal.com
Janis,Fenney,jfenneyrg@reuters.com
Amalea,Chartres,achartresrh@g.co
Gerhard,Swindley,gswindleyri@eventbrite.com
Brietta,Wederell,bwederellrj@unicef.org
Ulrika,Olrenshaw,uolrenshawrk@washingtonpost.com
Doralin,Icom,dicomrl@mayoclinic.com
Shepperd,Kaszper,skaszperrm@reddit.com
Jere,Wane,jwanern@youku.com
Jacki,Speakman,jspeakmanro@timesonline.co.uk
Hamlin,Berridge,hberridgerp@dailymotion.com
Binni,Beeres,bbeeresrq@biglobe.ne.jp
Birgit,Baudone,bbaudonerr@cargocollective.com
